City_ID,City,Country,Date,Lat,Lng,Max Temp,Humidity,Cloudiness,Wind Speed
0,Ayan,RU,2021-11-15 16:42:20,56.45,138.1667,10.51,69,86,16.6
1,Manggar,ID,2021-11-15 16:42:20,-2.8833,108.2667,78.89,82,100,3.65
2,Albany,US,2021-11-15 16:42:21,42.6001,-73.9662,45.09,71,91,7.0
3,Mataura,NZ,2021-11-15 16:42:22,-46.1927,168.8643,41.86,99,100,2.82
4,Port Lincoln,AU,2021-11-15 16:42:23,-34.7333,135.8667,53.76,70,21,4.16
5,Ariquemes,BR,2021-11-15 16:42:23,-9.9133,-63.0408,87.03,66,93,5.48
6,Aktash,RU,2021-11-15 16:42:24,50.3,87.7333,9.18,70,84,7.61
7,Gijon,ES,2021-11-15 16:42:24,43.5357,-5.6615,57.79,87,63,1.01
8,Tautira,PF,2021-11-15 16:42:25,-17.7333,-149.15,80.62,77,96,15.05
9,Hamilton,US,2021-11-15 16:40:39,39.1834,-84.5333,42.6,66,1,3.0
10,Tabory,RU,2021-11-15 16:42:26,58.5198,64.5495,18.21,87,95,7.4
11,Nuuk,GL,2021-11-15 16:42:27,64.1835,-51.7216,16.41,67,40,10.36
12,Pringsewu,ID,2021-11-15 16:42:27,-5.3582,104.9744,72.82,96,100,3.36
13,Punta Arenas,CL,2021-11-15 16:42:28,-53.15,-70.9167,50.11,43,40,27.63
14,Cape Town,ZA,2021-11-15 16:42:29,-33.9258,18.4232,71.11,64,0,12.66
15,Rikitea,PF,2021-11-15 16:42:29,-23.1203,-134.9692,74.7,81,98,14.61
16,Mahebourg,MU,2021-11-15 16:42:30,-20.4081,57.7,76.24,83,20,4.61
17,Hereford,GB,2021-11-15 16:42:30,52.0568,-2.7148,53.74,92,100,2.71
18,Tasiilaq,GL,2021-11-15 16:42:31,65.6145,-37.6368,30.36,68,94,8.34
19,Bengkulu,ID,2021-11-15 16:42:32,-3.8004,102.2655,76.6,84,100,3.29
20,Ponta Delgada,PT,2021-11-15 16:42:33,37.7333,-25.6667,73.51,78,20,13.8
21,Jamestown,US,2021-11-15 16:42:33,42.097,-79.2353,38.79,92,90,11.99
22,Coahuayana,MX,2021-11-15 16:42:34,18.7333,-103.6833,83.68,35,21,1.72
23,Atuona,PF,2021-11-15 16:42:34,-9.8,-139.0333,77.9,75,25,11.56
24,Kapaa,US,2021-11-15 16:42:35,22.0752,-159.319,70.12,83,90,5.75
25,Dawlatabad,AF,2021-11-15 16:42:36,36.4141,64.9053,50.13,62,0,7.9
26,Puerto Ayora,EC,2021-11-15 16:42:36,-0.7393,-90.3518,75.16,73,84,10.16
27,Solnechnyy,RU,2021-11-15 16:42:37,50.7214,136.6319,8.98,95,61,2.64
28,Diglur,IN,2021-11-15 16:42:37,18.55,77.6,74.28,89,74,4.94
29,Sucua,EC,2021-11-15 16:42:38,-2.4667,-78.1667,81.34,61,40,8.05
30,Busselton,AU,2021-11-15 16:42:39,-33.65,115.3333,60.08,94,81,5.91
31,Cherskiy,RU,2021-11-15 16:42:39,68.75,161.3,16.38,88,100,4.41
32,Bend,US,2021-11-15 16:42:40,44.0582,-121.3153,56.48,44,1,4.0
33,Guerrero Negro,MX,2021-11-15 16:42:40,27.9769,-114.0611,79.14,30,0,1.81
34,Hobart,AU,2021-11-15 16:42:41,-42.8794,147.3294,44.46,77,90,1.01
35,Yerbogachen,RU,2021-11-15 16:39:38,61.2767,108.0108,16.07,98,100,2.86
36,Sao Filipe,CV,2021-11-15 16:42:42,14.8961,-24.4956,76.28,78,93,9.84
37,Khatanga,RU,2021-11-15 16:42:43,71.9667,102.5,-26.93,100,91,6.13
38,Bashtanka,UA,2021-11-15 16:42:44,47.4072,32.4387,40.1,59,0,12.1
39,Ushuaia,AR,2021-11-15 16:42:44,-54.8,-68.3,44.26,61,40,21.85
40,Luderitz,NA,2021-11-15 16:42:45,-26.6481,15.1594,69.13,66,3,15.08
41,Comodoro Rivadavia,AR,2021-11-15 16:42:46,-45.8667,-67.5,53.46,30,40,12.66
42,Hilo,US,2021-11-15 16:40:57,19.7297,-155.09,72.25,94,90,4.61
43,Presidencia Roque Saenz Pena,AR,2021-11-15 16:42:47,-26.7852,-60.4388,87.62,50,64,5.14
44,Nemuro,JP,2021-11-15 16:42:48,43.3236,145.575,39.9,61,64,16.2
45,Grindavik,IS,2021-11-15 16:42:48,63.8424,-22.4338,37.87,81,40,32.21
46,Bredasdorp,ZA,2021-11-15 16:42:49,-34.5322,20.0403,68.29,67,98,13.15
47,Chicama,PE,2021-11-15 16:42:49,-7.8447,-79.1469,64.94,60,53,10.33
48,Manzhouli,CN,2021-11-15 16:39:12,49.6,117.4333,24.73,65,30,5.3
49,Port Alfred,ZA,2021-11-15 16:43:50,-33.5906,26.891,69.1,77,92,13.67
50,Barrow,US,2021-11-15 16:43:51,71.2906,-156.7887,8.62,72,90,13.8
51,Faanui,PF,2021-11-15 16:43:52,-16.4833,-151.75,77.68,72,100,2.48
52,Tiksi,RU,2021-11-15 16:43:52,71.6872,128.8694,-13.54,97,71,7.0
53,East London,ZA,2021-11-15 16:43:53,-33.0153,27.9116,81.54,39,0,8.05
54,Tual,ID,2021-11-15 16:43:54,-5.6667,132.75,80.83,78,100,2.8
55,Airai,TL,2021-11-15 16:43:55,-8.9266,125.4092,60.96,87,100,1.39
56,Nikolskoye,RU,2021-11-15 16:43:55,59.7035,30.7861,32.88,70,100,8.55
57,Chifeng,CN,2021-11-15 16:39:09,42.2683,118.9636,26.65,86,5,4.36
58,Ambilobe,MG,2021-11-15 16:43:57,-13.2,49.05,78.76,75,60,1.43
59,Port Hardy,CA,2021-11-15 16:42:14,50.6996,-127.4199,42.8,93,90,4.61
60,Vila Velha,BR,2021-11-15 16:43:58,-20.3297,-40.2925,76.95,71,75,1.01
61,Marsa Matruh,EG,2021-11-15 16:43:58,31.3525,27.2453,69.39,75,8,7.94
62,Thompson,CA,2021-11-15 16:43:59,55.7435,-97.8558,26.76,93,90,4.61
63,Avarua,CK,2021-11-15 16:44:00,-21.2078,-159.775,73.45,83,20,5.75
64,Rudnogorsk,RU,2021-11-15 16:44:00,57.2639,103.7519,24.6,86,82,7.18
65,Codrington,AU,2021-11-15 16:44:01,-38.2667,141.9667,49.28,69,67,7.9
66,Wawa,NG,2021-11-15 16:44:02,9.9022,4.4192,88.05,34,46,4.23
67,Coihaique,CL,2021-11-15 16:44:02,-45.5752,-72.0662,51.75,43,40,3.44
68,Mount Vernon,US,2021-11-15 16:44:03,40.9126,-73.8371,46.44,69,75,7.0
69,Ravar,IR,2021-11-15 16:44:04,31.2656,56.8055,56.12,27,100,1.48
70,Berezovyy,RU,2021-11-15 16:44:05,51.6667,135.7,8.33,83,14,6.31
71,Whitianga,NZ,2021-11-15 16:44:05,-36.8333,175.7,62.02,87,14,7.67
72,Hongjiang,CN,2021-11-15 16:44:06,27.11,109.9956,58.06,93,100,2.24
73,Dois Corregos,BR,2021-11-15 16:44:06,-22.3661,-48.3803,87.15,27,29,5.97
74,Necochea,AR,2021-11-15 16:43:15,-38.5473,-58.7368,73.04,35,91,7.2
75,Butaritari,KI,2021-11-15 16:44:08,3.0707,172.7902,82.83,71,44,16.11
76,Kysyl-Syr,RU,2021-11-15 16:44:09,63.8986,122.7617,-14.46,100,96,2.89
77,Quepos,CR,2021-11-15 16:43:40,9.4236,-84.1652,94.53,68,14,4.63
78,Hermanus,ZA,2021-11-15 16:44:09,-34.4187,19.2345,69.91,80,89,10.45
79,Fortuna,US,2021-11-15 16:41:04,40.5982,-124.1573,49.12,100,1,0.0
80,Aleksandrov Gay,RU,2021-11-15 16:44:11,50.147,48.5704,31.77,91,98,15.93
81,Touros,BR,2021-11-15 16:44:11,-5.1989,-35.4608,88.7,63,100,16.02
82,Pozhva,RU,2021-11-15 16:44:12,59.0912,56.0847,17.51,90,39,8.68
83,Birecik,TR,2021-11-15 16:44:12,37.0294,37.9903,54.61,33,84,3.65
84,Provideniya,RU,2021-11-15 16:44:13,64.3833,-173.3,15.08,92,58,11.3
85,Flinders,AU,2021-11-15 16:44:14,-34.5833,150.8552,55.8,77,1,1.99
86,Yellowknife,CA,2021-11-15 16:42:36,62.456,-114.3525,8.29,96,20,4.61
87,Mar Del Plata,AR,2021-11-15 16:40:18,-38.0023,-57.5575,78.82,86,40,25.99
88,Georgetown,MY,2021-11-15 16:44:15,5.4112,100.3354,82.89,88,20,3.0
89,Chuy,UY,2021-11-15 16:44:16,-33.6971,-53.4616,77.72,64,24,11.39
90,Oussouye,SN,2021-11-15 16:44:17,12.485,-16.5469,96.98,33,89,0.09
91,Evensk,RU,2021-11-15 16:44:18,61.95,159.2333,24.26,84,97,12.01
92,Cabo San Lucas,MX,2021-11-15 16:44:19,22.8909,-109.9124,90.05,49,100,1.01
93,Emba,KZ,2021-11-15 16:44:19,48.8264,58.1442,28.9,97,100,3.94
94,Hithadhoo,MV,2021-11-15 16:44:20,-0.6,73.0833,82.54,74,65,12.3
95,Arraial Do Cabo,BR,2021-11-15 16:45:20,-22.9661,-42.0278,78.76,65,40,24.16
96,Katobu,ID,2021-11-15 16:45:21,-4.9408,122.5276,75.31,92,100,3.02
97,Saskylakh,RU,2021-11-15 16:45:22,71.9167,114.0833,-24.81,100,40,5.64
98,Nelson Bay,AU,2021-11-15 16:45:23,-32.7167,152.15,57.99,86,0,13.65
99,Lebu,CL,2021-11-15 16:45:24,-37.6167,-73.65,56.5,50,26,12.88
100,Camopi,GF,2021-11-15 16:45:24,3.1655,-52.3158,91.35,43,82,3.89
101,Upernavik,GL,2021-11-15 16:45:25,72.7868,-56.1549,0.41,72,14,6.64
102,Vaini,TO,2021-11-15 16:45:26,-21.2,-175.2,73.56,88,20,5.75
103,Tuatapere,NZ,2021-11-15 16:43:35,-46.1333,167.6833,42.04,94,99,7.96
104,Cidreira,BR,2021-11-15 16:43:21,-30.1811,-50.2056,73.44,72,76,19.39
105,Kostroma,RU,2021-11-15 16:45:27,57.7708,40.9344,28.11,92,97,5.26
106,Tocopilla,CL,2021-11-15 16:45:19,-22.092,-70.1979,68.74,65,26,10.25
107,Kavaratti,IN,2021-11-15 16:45:28,10.5669,72.642,80.83,80,100,14.72
108,Baruun-Urt,MN,2021-11-15 16:45:29,46.6806,113.2792,24.37,57,14,10.83
109,Arman,RU,2021-11-15 16:43:47,59.7,150.1667,15.01,88,70,10.11
110,Pevek,RU,2021-11-15 16:45:30,69.7008,170.3133,17.33,89,99,7.56
111,Pisco,PE,2021-11-15 16:45:30,-13.7,-76.2167,68.05,77,0,10.36
112,Fort Nelson,CA,2021-11-15 16:43:10,58.8053,-122.7002,11.79,92,90,3.44
113,Ulladulla,AU,2021-11-15 16:45:31,-35.35,150.4667,54.5,73,16,6.24
114,Victoria,HK,2021-11-15 16:43:21,22.2855,114.1577,72.32,79,56,4.0
115,Longyearbyen,SJ,2021-11-15 16:45:33,78.2186,15.6401,17.44,67,20,26.46
116,Talaya,RU,2021-11-15 16:45:34,61.3833,152.75,0.73,100,98,2.55
117,Bluff,NZ,2021-11-15 16:45:34,-46.6,168.3333,48.33,88,98,13.62
118,Constitucion,CL,2021-11-15 16:41:57,-35.3333,-72.4167,60.55,59,12,20.51
119,Vao,NC,2021-11-15 16:45:35,-22.6667,167.4833,75.72,80,4,12.24
120,Lahaina,US,2021-11-15 16:41:18,20.8783,-156.6825,78.8,87,59,6.89
121,Sinnamary,GF,2021-11-15 16:45:36,5.3833,-52.95,81.64,79,52,7.27
122,Puerto Varas,CL,2021-11-15 16:45:37,-41.3195,-72.9854,52.02,71,75,9.22
123,Catamarca,AR,2021-11-15 16:40:46,-28.4696,-65.7852,91.78,41,0,1.99
124,Timmins,CA,2021-11-15 16:45:39,48.4669,-81.3331,30.02,86,90,8.05
125,Vila,PT,2021-11-15 16:45:39,42.0304,-8.1588,51.33,73,10,4.25
126,San Jose,US,2021-11-15 16:45:27,37.3394,-121.895,68.25,80,90,3.44
127,Daura,NG,2021-11-15 16:45:40,11.5538,11.4085,87.71,16,70,7.29
128,Lock Haven,US,2021-11-15 16:45:41,41.137,-77.4469,44.94,68,97,11.27
129,San Patricio,US,2021-11-15 16:45:42,28.017,-97.5169,81.93,53,0,10.54
130,Mokhsogollokh,RU,2021-11-15 16:45:42,61.4681,128.9203,-13.63,100,49,0.47
131,Marsh Harbour,BS,2021-11-15 16:45:43,26.5412,-77.0636,75.29,60,100,13.02
132,Dikson,RU,2021-11-15 16:45:44,73.5069,80.5464,-7.37,94,95,3.15
133,Axim,GH,2021-11-15 16:45:44,4.8699,-2.2405,81.82,78,89,8.63
134,Ponta Do Sol,PT,2021-11-15 16:45:45,32.6667,-17.1,72.72,67,67,4.03
135,Tripoli,LY,2021-11-15 16:42:53,32.8752,13.1875,70.57,35,1,8.05
136,Taltal,CL,2021-11-15 16:45:20,-25.4,-70.4833,64.63,68,5,7.45
137,Saint-Philippe,RE,2021-11-15 16:45:46,-21.3585,55.7679,76.59,79,49,9.37
138,Pitimbu,BR,2021-11-15 16:45:47,-7.4706,-34.8086,90.19,64,72,11.36
139,Erzin,TR,2021-11-15 16:45:48,36.9559,36.2,61.52,33,96,3.78
140,Lorengau,PG,2021-11-15 16:45:49,-2.0226,147.2712,80.78,79,100,6.8
141,Buraydah,SA,2021-11-15 16:46:49,26.326,43.975,75.65,24,87,11.36
142,Port-Gentil,GA,2021-11-15 16:43:14,-0.7193,8.7815,84.16,70,75,12.66
143,Saint Cloud,US,2021-11-15 16:46:50,45.5608,-94.1625,31.98,79,90,3.0
144,Te Anau,NZ,2021-11-15 16:43:56,-45.4167,167.7167,43.38,93,100,5.55
145,Coquimbo,CL,2021-11-15 16:43:33,-29.9533,-71.3436,64.83,63,0,7.25
146,Mae Hong Son,TH,2021-11-15 16:46:53,19.3003,97.9685,71.98,93,75,2.04
147,High River,CA,2021-11-15 16:46:20,50.5834,-113.8687,37.11,94,100,7.72
148,Sharjah,AE,2021-11-15 16:46:54,25.3573,55.4033,84.18,31,0,5.75
149,Meulaboh,ID,2021-11-15 16:45:54,4.1363,96.1285,77.31,88,99,3.53
150,Murray Bridge,AU,2021-11-15 16:46:55,-35.1167,139.2667,55.15,72,44,5.08
151,Boa Vista,BR,2021-11-15 16:46:56,2.8197,-60.6733,91.38,43,75,11.5
152,Kalaleh,IR,2021-11-15 16:46:56,37.3807,55.4916,51.4,71,0,4.61
153,Bereda,ES,2021-11-15 16:46:57,43.2686,-7.5406,54.41,89,75,7.63
154,Teya,RU,2021-11-15 16:46:59,60.3778,92.6267,17.56,96,99,2.35
155,Kavieng,PG,2021-11-15 16:46:59,-2.5744,150.7967,82.06,76,97,10.8
156,Champerico,GT,2021-11-15 16:47:00,14.3,-91.9167,90.36,65,33,3.76
157,Yar-Sale,RU,2021-11-15 16:47:01,66.8333,70.8333,5.04,89,93,8.43
158,Tuktoyaktuk,CA,2021-11-15 16:47:01,69.4541,-133.0374,8.6,85,90,9.22
159,Caravelas,BR,2021-11-15 16:45:08,-17.7125,-39.2481,76.98,59,78,10.69
160,Avera,US,2021-11-15 16:47:02,33.194,-82.5271,62.11,27,12,11.32
161,Esperance,AU,2021-11-15 16:43:11,-33.8667,121.9,60.64,51,84,21.59
162,Banda Aceh,ID,2021-11-15 16:47:03,5.5577,95.3222,79.65,83,92,10.38
163,Gariaband,IN,2021-11-15 16:47:04,20.635,82.0614,76.55,93,53,4.23
164,Yumen,CN,2021-11-15 16:43:16,40.2833,97.2,30.78,34,25,12.01
165,Praia Da Vitoria,PT,2021-11-15 16:45:42,38.7333,-27.0667,71.85,78,75,20.36
166,Svetlaya,RU,2021-11-15 16:47:05,46.5389,138.3297,27.32,43,81,7.52
167,Kaitangata,NZ,2021-11-15 16:47:06,-46.2817,169.8464,46.27,94,87,6.76
168,Souillac,MU,2021-11-15 16:44:46,-20.5167,57.5167,76.35,83,20,4.61
169,Geraldton,AU,2021-11-15 16:47:07,-28.7667,114.6,61.21,82,40,2.3
170,Klaksvik,FO,2021-11-15 16:47:08,62.2266,-6.589,49.12,92,100,40.02
171,Pilar,BR,2021-11-15 16:44:38,-9.5972,-35.9567,89.53,50,48,14.41
172,Tura,IN,2021-11-15 16:47:09,25.5198,90.2201,61.21,81,0,3.11
173,Sibolga,ID,2021-11-15 16:47:10,1.7427,98.7792,76.57,88,81,3.78
174,Ishigaki,JP,2021-11-15 16:47:10,24.3448,124.1572,74.44,61,45,15.99
175,Buluang,PH,2021-11-15 16:47:11,13.3068,123.3425,76.98,91,84,3.62
176,Kenai,US,2021-11-15 16:42:18,60.5544,-151.2583,-3.91,84,1,0.0
177,Alofi,NU,2021-11-15 16:47:12,-19.0595,-169.9187,69.69,94,40,1.14
178,Sisimiut,GL,2021-11-15 16:47:13,66.9395,-53.6735,23.54,77,100,15.57
179,Launceston,AU,2021-11-15 16:44:39,-41.45,147.1667,44.24,61,90,8.05
180,Bambous Virieux,MU,2021-11-15 16:44:38,-20.3428,57.7575,76.21,83,20,4.61
181,Umtata,ZA,2021-11-15 16:47:15,-31.5889,28.7844,79.36,61,0,9.22
182,Bubaque,GW,2021-11-15 16:47:15,11.2833,-15.8333,84.31,52,52,7.02
183,Vardo,NO,2021-11-15 16:47:16,70.3705,31.1107,31.75,93,75,4.61
184,Cockburn Town,TC,2021-11-15 16:48:16,21.4612,-71.1419,85.96,62,40,14.97
185,Saint-Joseph,RE,2021-11-15 16:48:20,-21.3667,55.6167,75.58,79,46,5.39
186,San Javier,ES,2021-11-15 16:45:57,37.8063,-0.8374,62.67,57,20,3.44
187,Turbat,PK,2021-11-15 16:43:25,26.0023,63.044,72.19,17,0,15.88
188,Srisailam,IN,2021-11-15 16:48:21,16.0833,78.8667,71.73,99,58,4.72
189,Kaupanger,NO,2021-11-15 16:48:22,61.1845,7.2404,41.49,93,75,2.3
190,Mizan Teferi,ET,2021-11-15 16:48:23,6.9833,35.5833,62.2,95,100,3.4
191,Rocha,UY,2021-11-15 16:45:55,-34.4833,-54.3333,77.25,69,70,9.82
192,Pointe Michel,DM,2021-11-15 16:48:24,15.25,-61.3833,86.94,58,20,4.61
193,Acajutla,SV,2021-11-15 16:48:24,13.5928,-89.8275,91.74,51,90,4.43
194,San Cristobal,VE,2021-11-15 16:48:25,7.7669,-72.225,77.18,51,65,6.49
195,Sao Joao Da Barra,BR,2021-11-15 16:48:25,-21.6403,-41.0511,78.89,69,77,14.63
196,Chapais,CA,2021-11-15 16:48:26,49.7834,-74.8492,28.18,66,99,5.17
197,Omboue,GA,2021-11-15 16:48:27,-1.5746,9.2618,79.38,81,93,8.68
198,Chernyshevskiy,RU,2021-11-15 16:48:27,63.0128,112.4714,7.27,97,100,2.17
199,Samarai,PG,2021-11-15 16:48:28,-10.6167,150.6667,82.54,81,96,10.42
200,Ang Thong,TH,2021-11-15 16:48:29,14.6167,100.3667,79.05,89,38,4.16
201,Weinan,CN,2021-11-15 16:48:30,34.5036,109.5089,38.89,53,100,1.88
202,Praia,CV,2021-11-15 16:48:09,14.9215,-23.5087,82.94,61,75,13.8
203,Ribeira Grande,PT,2021-11-15 16:48:31,38.5167,-28.7,72.0,73,40,27.63
204,Guane,CU,2021-11-15 16:48:31,22.2025,-84.0875,78.37,64,100,11.14
205,Alekseyevka,RU,2021-11-15 16:48:32,50.6309,38.6903,30.56,71,10,11.56
206,Saint-Augustin,CA,2021-11-15 16:45:31,51.226,-58.6502,36.46,99,100,16.22
207,Saint George,US,2021-11-15 16:46:03,37.1041,-113.5841,73.54,49,1,0.0
208,Amantea,IT,2021-11-15 16:48:34,39.1332,16.0746,62.55,66,100,3.11
209,Jambi,ID,2021-11-15 16:48:35,-1.6,103.6167,75.33,94,98,2.44
210,New Norfolk,AU,2021-11-15 16:48:35,-42.7826,147.0587,42.3,73,65,1.01
211,Akyab,MM,2021-11-15 16:48:36,20.15,92.9,78.96,81,96,6.08
212,Isla Mujeres,MX,2021-11-15 16:45:39,21.2311,-86.731,80.65,66,94,13.24
213,Okhotsk,RU,2021-11-15 16:48:37,59.3833,143.3,16.97,88,99,12.41
214,Aripuana,BR,2021-11-15 16:48:38,-9.1667,-60.6333,91.17,50,87,3.47
215,Saldanha,ZA,2021-11-15 16:48:38,-33.0117,17.9442,69.85,85,99,15.97
216,Morant Bay,JM,2021-11-15 16:48:39,17.8815,-76.4093,89.62,70,39,10.09
217,Kestel,TR,2021-11-15 16:48:39,40.1983,29.2124,53.08,65,8,5.14
218,Gimbi,ET,2021-11-15 16:48:40,9.1667,35.8333,58.6,77,97,1.9
219,Cayenne,GF,2021-11-15 16:46:06,4.9333,-52.3333,86.04,78,75,3.0
220,Cururupu,BR,2021-11-15 16:46:12,-1.8283,-44.8683,85.95,63,90,8.25
221,Bilibino,RU,2021-11-15 16:48:41,68.0546,166.4372,16.29,93,100,3.22
222,Heihe,CN,2021-11-15 16:48:42,50.2441,127.4902,18.18,86,44,3.74
223,Grand Gaube,MU,2021-11-15 16:44:24,-20.0064,57.6608,76.37,72,5,3.0
224,Bambanglipuro,ID,2021-11-15 16:45:01,-7.95,110.2833,61.61,92,100,4.7
225,Plouzane,FR,2021-11-15 16:48:44,48.3833,-4.6167,54.09,91,90,5.75
226,Vryheid,ZA,2021-11-15 16:48:44,-27.7695,30.7917,73.08,57,64,11.52
227,Mercedes,AR,2021-11-15 16:48:45,-34.6515,-59.4307,85.86,27,0,12.59
228,Chokurdakh,RU,2021-11-15 16:48:46,70.6333,147.9167,3.76,97,99,1.14
229,Burnie,AU,2021-11-15 16:49:47,-41.0667,145.9167,41.92,77,24,7.92
230,Iralaya,HN,2021-11-15 16:49:47,15.0,-83.2333,75.29,82,96,12.68
231,Tomatlan,MX,2021-11-15 16:49:48,19.9333,-105.25,85.26,41,65,1.07
232,Moranbah,AU,2021-11-15 16:49:49,-22.0016,148.0466,72.64,72,37,8.75
233,Mount Pleasant,US,2021-11-15 16:49:49,32.7941,-79.8626,63.09,46,1,1.01
234,Farafangana,MG,2021-11-15 16:49:50,-22.8167,47.8333,75.22,89,29,2.19
235,Ailigandi,PA,2021-11-15 16:49:50,9.2333,-78.0167,81.66,80,60,5.12
236,Sabha,LY,2021-11-15 16:49:51,27.0377,14.4283,70.52,38,94,4.9
237,Ancud,CL,2021-11-15 16:47:11,-41.8697,-73.8203,53.13,72,39,10.13
238,Road Town,VG,2021-11-15 16:49:52,18.4167,-64.6167,87.84,62,40,12.66
239,Norman Wells,CA,2021-11-15 16:49:53,65.282,-126.8329,-3.96,77,75,4.61
240,Vuktyl,RU,2021-11-15 16:49:54,63.8567,57.3094,20.17,90,100,11.77
241,Rawson,AR,2021-11-15 16:49:54,-43.3002,-65.1023,57.09,46,57,23.33
242,Ilulissat,GL,2021-11-15 16:49:55,69.2167,-51.1,-1.73,87,100,4.63
243,Pampas,PE,2021-11-15 16:49:56,-12.4,-74.9,65.05,50,99,7.78
244,Vanimo,PG,2021-11-15 16:49:56,-2.6741,141.3028,75.94,90,100,3.83
245,Mount Isa,AU,2021-11-15 16:49:57,-20.7333,139.5,65.97,32,7,9.22
246,Richards Bay,ZA,2021-11-15 16:49:58,-28.783,32.0377,74.59,84,65,12.75
247,Grand-Santi,GF,2021-11-15 16:49:58,4.25,-54.3833,87.66,59,63,2.19
248,Bethel,US,2021-11-15 16:49:59,41.3712,-73.414,46.81,70,90,1.01
249,Shingu,JP,2021-11-15 16:50:00,33.7333,135.9833,51.8,78,18,6.6
250,Marawi,PH,2021-11-15 16:46:03,7.9986,124.2928,65.64,93,100,2.39
251,Mehamn,NO,2021-11-15 16:50:01,71.0357,27.8492,30.11,89,90,25.95
252,Del Rio,US,2021-11-15 16:50:02,29.3627,-100.8968,64.8,88,90,0.0
253,Kieta,PG,2021-11-15 16:50:02,-6.2167,155.6333,79.12,84,100,3.33
254,Makat,KZ,2021-11-15 16:50:03,47.6469,53.3463,34.92,99,100,1.21
255,Carnarvon,AU,2021-11-15 16:50:04,-24.8667,113.6333,69.87,78,90,17.27
256,Lagoa,PT,2021-11-15 16:50:05,39.05,-27.9833,66.7,85,6,22.57
257,Stepnyak,KZ,2021-11-15 16:50:05,52.8339,70.7803,10.65,96,59,4.14
258,Kijang,KR,2021-11-15 16:50:06,35.2442,129.2139,44.33,55,19,3.71
259,Yauya,PE,2021-11-15 16:50:07,-8.9833,-77.3,63.48,45,97,4.99
260,Kriens,CH,2021-11-15 16:50:07,47.0354,8.2763,49.78,89,90,2.3
261,Veraval,IN,2021-11-15 16:50:08,20.9,70.3667,78.1,40,16,10.38
262,Honningsvag,NO,2021-11-15 16:50:09,70.9821,25.9704,42.26,84,66,29.12
263,Umea,SE,2021-11-15 16:49:50,63.8284,20.2597,34.92,86,0,9.22
264,Toora-Khem,RU,2021-11-15 16:50:10,52.4675,96.11,23.52,95,100,2.59
265,Floro,NO,2021-11-15 16:50:10,61.5996,5.0328,48.96,100,75,18.41
266,Hasaki,JP,2021-11-15 16:50:11,35.7333,140.8333,54.0,55,37,8.05
267,Olafsvik,IS,2021-11-15 16:50:11,64.8945,-23.7142,38.53,69,88,31.92
268,Patacamaya,BO,2021-11-15 16:50:12,-17.2333,-67.9167,61.52,38,91,4.23
269,Vila Franca Do Campo,PT,2021-11-15 16:45:36,37.7167,-25.4333,73.2,81,44,12.77
270,Caranavi,BO,2021-11-15 16:50:13,-15.8167,-67.55,74.59,88,100,2.89
271,Naaldwijk,NL,2021-11-15 16:50:14,51.9942,4.2097,46.38,82,90,3.0
272,Deputatskiy,RU,2021-11-15 16:50:15,69.3,139.9,0.79,97,100,1.95
273,Natal,BR,2021-11-15 16:48:33,-5.795,-35.2094,88.45,66,75,18.41
274,Kalabo,ZM,2021-11-15 16:50:16,-14.97,22.6814,75.97,62,96,6.93
275,Pangnirtung,CA,2021-11-15 16:50:16,66.1451,-65.7125,6.8,66,20,3.44
276,Muswellbrook,AU,2021-11-15 16:46:21,-32.2667,150.9,46.69,74,1,4.43
277,Faya,SA,2021-11-15 16:50:18,18.3851,42.4509,62.71,64,1,4.76
278,Gat,IL,2021-11-15 16:50:02,31.61,34.7642,72.28,48,2,6.11
279,Abbeville,FR,2021-11-15 16:51:19,50.1,1.8333,49.96,77,76,8.3
280,Phalodi,IN,2021-11-15 16:51:20,27.1333,72.3667,71.51,15,0,4.34
281,Akdepe,TM,2021-11-15 16:51:20,42.0551,59.3788,42.8,54,94,7.45
282,Hakkari,TR,2021-11-15 16:51:21,37.5833,44.1667,44.35,40,100,4.25
283,Lubango,AO,2021-11-15 16:51:22,-14.9172,13.4925,61.32,92,100,6.24
284,Imatra,FI,2021-11-15 16:51:22,61.1719,28.7524,33.13,87,99,1.99
285,Bogalusa,US,2021-11-15 16:51:23,30.791,-89.8487,71.01,60,1,0.0
286,Berlevag,NO,2021-11-15 16:51:24,70.8578,29.0864,31.8,93,90,4.61
287,Havre,FR,2021-11-15 16:51:25,49.5833,0.3333,47.97,81,90,4.61
288,Lensk,RU,2021-11-15 16:51:25,60.7253,114.9278,17.11,98,100,2.62
289,Kodiak,US,2021-11-15 16:51:26,57.79,-152.4072,15.31,86,1,8.05
290,Abha,SA,2021-11-15 16:47:15,18.2164,42.5053,62.42,82,0,11.5
291,Vestmannaeyjar,IS,2021-11-15 16:51:27,63.4427,-20.2734,43.79,61,75,28.77
292,Pottsville,US,2021-11-15 16:50:01,40.6857,-76.1955,45.21,81,86,13.4
293,Narsaq,GL,2021-11-15 16:51:29,60.9167,-46.05,5.47,71,2,6.53
294,Kabanjahe,ID,2021-11-15 16:51:29,3.1001,98.4908,63.86,95,94,3.27
295,Venado Tuerto,AR,2021-11-15 16:51:30,-33.7456,-61.9688,82.78,37,0,11.16
296,Tanout,NE,2021-11-15 16:51:30,14.9709,8.8879,88.03,10,98,9.15
297,San Policarpo,PH,2021-11-15 16:51:31,12.1791,125.5072,80.28,83,100,12.68
298,Porto Velho,BR,2021-11-15 16:46:46,-8.7619,-63.9039,89.65,58,40,5.75
299,Hay River,CA,2021-11-15 16:51:32,60.8156,-115.7999,19.38,93,90,4.61
300,Piritiba,BR,2021-11-15 16:51:33,-11.7303,-40.5553,77.25,68,99,7.16
301,Chillicothe,US,2021-11-15 16:48:25,39.3331,-82.9824,43.32,66,40,1.99
302,Lalmohan,BD,2021-11-15 16:51:34,22.3384,90.7419,72.21,81,69,6.33
303,Matara,LK,2021-11-15 16:51:34,5.9485,80.5353,78.08,90,83,11.86
304,Roald,NO,2021-11-15 16:51:35,62.5833,6.1333,49.33,87,75,13.8
305,Huaidian,CN,2021-11-15 16:51:36,33.4333,115.0333,53.19,58,100,8.5
306,Petropavlovsk-Kamchatskiy,RU,2021-11-15 16:51:36,53.0452,158.6483,28.99,100,90,6.71
307,Ngunguru,NZ,2021-11-15 16:51:37,-35.6167,174.5,59.16,84,0,9.93
308,Clyde River,CA,2021-11-15 16:51:05,70.4692,-68.5914,7.03,72,75,5.75
309,Leningradskiy,RU,2021-11-15 16:51:38,69.3833,178.4167,14.54,95,100,7.54
310,Trincomalee,LK,2021-11-15 16:51:39,8.5711,81.2335,79.9,78,60,15.17
311,Kruisfontein,ZA,2021-11-15 16:51:40,-34.0033,24.7314,67.89,66,98,11.92
312,Pinawa,CA,2021-11-15 16:51:41,50.1489,-95.8811,27.84,79,62,7.74
313,Mujiayingzi,CN,2021-11-15 16:51:41,42.1167,118.7833,27.43,79,3,5.7
314,Hami,CN,2021-11-15 16:51:42,42.8,93.45,34.16,46,94,2.01
315,San Joaquin,US,2021-11-15 16:51:43,37.9333,-121.3011,57.13,98,90,4.61
316,Rio De Janeiro,BR,2021-11-15 16:51:17,-22.9028,-43.2075,85.95,51,0,16.11
317,Bowen,AU,2021-11-15 16:51:02,-20.0167,148.2333,71.82,78,27,11.03
318,Ban Nahin,LA,2021-11-15 16:51:44,18.2418,104.2122,71.49,78,95,4.0
319,Lompoc,US,2021-11-15 16:51:45,34.6391,-120.4579,86.13,61,1,0.0
320,Sampit,ID,2021-11-15 16:51:46,-2.5333,112.95,73.2,97,100,2.01
321,Padang,ID,2021-11-15 16:51:47,-0.9492,100.3543,77.18,81,97,2.8
322,Majene,ID,2021-11-15 16:51:47,-3.5403,118.9707,75.36,95,100,2.95
323,Challans,FR,2021-11-15 16:52:48,46.8436,-1.8749,49.26,78,7,8.03
324,Sobolevo,RU,2021-11-15 16:52:49,54.4299,31.8996,27.7,79,15,5.08
325,Tahoua,NE,2021-11-15 16:52:50,14.8888,5.2692,96.78,13,0,2.3
326,Gazojak,TM,2021-11-15 16:52:50,41.1875,61.4036,43.43,44,70,8.66
327,Arang,IN,2021-11-15 16:52:51,21.2,81.9667,77.32,84,31,5.95
328,Nur,PL,2021-11-15 16:52:52,52.6683,22.3221,42.58,73,92,9.22
329,Harper,LR,2021-11-15 16:52:52,4.375,-7.7169,82.15,75,48,6.93
330,Alvorada,BR,2021-11-15 16:52:53,-12.48,-49.1247,74.08,89,100,4.92
331,Mabaruma,GY,2021-11-15 16:52:54,8.2,-59.7833,82.56,76,13,6.08
332,Port Macquarie,AU,2021-11-15 16:50:57,-31.4333,152.9167,55.36,62,0,11.36
333,Chengde,CN,2021-11-15 16:52:55,40.9725,117.9361,33.49,77,0,2.55
334,Kungurtug,RU,2021-11-15 16:52:55,50.5994,97.5228,22.64,82,100,2.86
335,La Ronge,CA,2021-11-15 16:52:57,55.1001,-105.2842,28.65,100,90,4.61
336,Makakilo City,US,2021-11-15 16:52:57,21.3469,-158.0858,72.28,80,75,4.61
337,Canaries,ES,2021-11-15 16:52:58,28.0,-15.5,66.4,66,20,1.99
338,Hambantota,LK,2021-11-15 16:52:58,6.1241,81.1185,79.77,83,77,16.08
339,Aksu,CN,2021-11-15 16:52:59,41.1231,80.2644,36.03,44,29,4.59
340,Lucapa,AO,2021-11-15 16:53:00,-8.4192,20.7447,69.4,92,86,4.0
341,Jalu,LY,2021-11-15 16:53:00,29.0331,21.5482,76.05,31,99,6.71
342,Mbaiki,CF,2021-11-15 16:53:01,3.8678,17.9892,71.46,98,100,1.79
343,Pinheiral,BR,2021-11-15 16:53:01,-22.5128,-44.0006,78.13,49,89,5.59
344,Jasper,US,2021-11-15 16:52:59,37.2001,-94.3502,62.53,39,20,8.01
345,Nurota,UZ,2021-11-15 16:53:02,40.5614,65.6886,33.89,57,29,4.68
346,Molchanovo,RU,2021-11-15 16:53:03,57.5817,83.7692,8.47,90,99,7.34
347,Verkhnyaya Inta,RU,2021-11-15 16:53:04,65.9811,60.3094,16.88,94,100,13.62
348,Jackson,US,2021-11-15 16:48:18,42.4165,-122.8345,58.24,93,90,3.44
349,Novopokrovka,UA,2021-11-15 16:53:05,49.8425,36.5477,32.38,62,29,10.51
350,Hualmay,PE,2021-11-15 16:53:06,-11.0964,-77.6139,69.44,70,70,10.78
351,Paamiut,GL,2021-11-15 16:53:06,61.994,-49.6678,10.81,75,0,9.48
352,Dunedin,NZ,2021-11-15 16:53:07,-45.8742,170.5036,48.4,86,65,7.58
353,Lata,PT,2021-11-15 16:53:08,40.1629,-8.3327,60.35,61,0,4.99
354,Srednekolymsk,RU,2021-11-15 16:53:08,67.45,153.6833,8.65,96,100,4.94
355,Pacific Grove,US,2021-11-15 16:53:09,36.6177,-121.9166,70.63,72,1,4.0
356,Pervomayskoye,RU,2021-11-15 16:53:09,43.919,46.7102,45.09,88,100,10.83
357,Mareeba,AU,2021-11-15 16:53:10,-17.0,145.4333,75.92,93,54,2.53
358,Oranjemund,NA,2021-11-15 16:53:11,-28.55,16.4333,63.99,86,0,16.4
359,Wageningen,NL,2021-11-15 16:53:12,51.9667,5.6667,44.19,90,90,8.05
360,Masuguru,TZ,2021-11-15 16:53:12,-11.3667,38.4167,89.98,33,59,12.66
361,Bonthe,SL,2021-11-15 16:53:13,7.5264,-12.505,83.08,72,47,9.55
362,Sakaiminato,JP,2021-11-15 16:53:14,35.55,133.2333,48.18,93,75,4.61
363,Santa Rosa,PH,2021-11-15 16:50:27,14.3122,121.1114,83.91,78,47,10.07
364,Bermejillo,MX,2021-11-15 16:53:15,25.8833,-103.6167,72.84,27,1,2.84
365,Nisia Floresta,BR,2021-11-15 16:53:15,-6.0911,-35.2086,88.61,55,100,13.87
366,Mandan,US,2021-11-15 16:53:16,46.8267,-100.8896,45.03,90,40,3.0
367,Nome,US,2021-11-15 16:53:16,64.5011,-165.4064,2.57,97,54,5.12
368,Labuan,MY,2021-11-15 16:53:17,5.2767,115.2417,78.96,100,20,0.0
369,Gracac,HR,2021-11-15 16:53:18,44.3006,15.8547,51.55,88,100,8.97
370,Ahipara,NZ,2021-11-15 16:54:18,-35.1667,173.1667,61.03,90,9,9.48
371,Yulara,AU,2021-11-15 16:54:19,-25.2406,130.9889,64.24,42,0,6.91
372,Taoudenni,ML,2021-11-15 16:54:20,22.6783,-3.9836,83.23,13,37,10.92
373,Olden,NO,2021-11-15 16:54:21,61.8364,6.8064,49.12,99,100,10.2
374,Katsuura,JP,2021-11-15 16:53:50,35.1333,140.3,59.18,73,66,4.59
375,Naze,JP,2021-11-15 16:54:22,28.3667,129.4833,63.54,60,11,7.36
376,Karratha,AU,2021-11-15 16:54:22,-20.7377,116.8463,78.93,52,28,10.42
377,Sorland,NO,2021-11-15 16:54:23,67.667,12.6934,44.67,79,87,22.59
378,Salinas,US,2021-11-15 16:51:09,36.6777,-121.6555,71.04,65,1,8.05
379,Saint-Leu,RE,2021-11-15 16:54:24,-21.15,55.2833,76.06,97,53,4.9
380,Ust-Omchug,RU,2021-11-15 16:54:25,61.15,149.6333,2.5,99,93,3.87
381,Ambulu,ID,2021-11-15 16:54:26,-8.345,113.6058,74.25,95,100,1.61
382,Barcelos,PT,2021-11-15 16:54:26,41.5388,-8.6151,64.08,66,10,5.3
383,Lambarene,GA,2021-11-15 16:54:27,-0.7001,10.2406,77.56,89,70,7.27
384,Mitu,CO,2021-11-15 16:51:25,1.1983,-70.1733,83.28,78,87,4.79
385,Isangel,VU,2021-11-15 16:54:28,-19.55,169.2667,75.61,82,4,7.09
386,Iqaluit,CA,2021-11-15 16:54:29,63.7506,-68.5145,4.73,71,20,8.01
387,Wanaka,NZ,2021-11-15 16:54:29,-44.7,169.15,42.89,96,96,6.55
388,Norrtalje,SE,2021-11-15 16:54:30,59.758,18.705,42.03,88,39,10.69
389,Iquique,CL,2021-11-15 16:51:20,-20.2208,-70.1431,68.04,64,98,8.3
390,Vanderhoof,CA,2021-11-15 16:54:31,54.0166,-124.0198,32.67,95,100,4.12
391,Kachiry,KZ,2021-11-15 16:54:32,53.0675,76.1036,19.15,94,100,6.44
392,Rio Gallegos,AR,2021-11-15 16:54:32,-51.6226,-69.2181,51.85,24,40,23.02
393,Sitka,US,2021-11-15 16:51:48,57.0531,-135.33,30.09,93,20,5.75
394,Lingao,CN,2021-11-15 16:54:33,19.9103,109.6859,71.31,80,44,9.91
395,Mahad,IN,2021-11-15 16:54:34,18.0833,73.4167,79.16,80,83,0.69
396,Baker City,US,2021-11-15 16:54:34,44.7749,-117.8344,54.64,84,100,5.06
397,Sao Jose Da Coroa Grande,BR,2021-11-15 16:54:35,-8.8978,-35.1478,83.77,63,59,11.45
398,Chunskiy,RU,2021-11-15 16:54:36,56.0815,99.6342,28.04,94,100,4.14
399,Nevsehir,TR,2021-11-15 16:54:36,38.9167,34.6667,40.21,61,0,5.75
400,Langfang,CN,2021-11-15 16:54:37,39.5097,116.6947,35.87,76,1,0.45
401,Zwedru,LR,2021-11-15 16:54:37,6.0667,-8.1281,78.03,88,83,1.3
402,Guaratinga,BR,2021-11-15 16:54:38,-16.5667,-39.5667,75.87,69,100,9.57
403,Mmabatho,ZA,2021-11-15 16:54:38,-25.85,25.6333,94.96,10,20,11.5
404,Homer,US,2021-11-15 16:54:39,59.6425,-151.5483,15.76,77,1,5.26
405,Flin Flon,CA,2021-11-15 16:54:40,54.7682,-101.865,28.24,93,90,4.61
406,Cabedelo,BR,2021-11-15 16:54:41,-6.9811,-34.8339,90.27,65,90,13.27
407,Waipawa,NZ,2021-11-15 16:54:41,-41.4122,175.5153,60.03,70,1,25.08
408,La Asuncion,VE,2021-11-15 16:54:42,11.0333,-63.8628,83.12,70,26,15.46
409,Raahe,FI,2021-11-15 16:54:43,64.6833,24.4833,39.29,87,94,25.3
410,Kwinana,AU,2021-11-15 16:54:43,-32.25,115.7667,64.24,75,100,6.15
411,Xingyi,CN,2021-11-15 16:54:44,24.1877,102.817,54.12,99,99,3.89
412,Fare,PF,2021-11-15 16:54:44,-16.7,-151.0167,79.84,77,98,14.18
413,Port Shepstone,ZA,2021-11-15 16:54:45,-30.7414,30.455,72.16,88,100,13.89
414,Pyay,MM,2021-11-15 16:54:46,18.8167,95.2167,75.29,90,34,2.42
415,Khandyga,RU,2021-11-15 16:54:46,62.6667,135.6,-15.29,98,99,1.34
416,Qaanaaq,GL,2021-11-15 16:54:47,77.484,-69.3632,-0.47,66,100,11.05
417,Xiaoshi,CN,2021-11-15 16:54:47,41.2971,124.1209,15.82,96,10,0.54
418,Mon,IN,2021-11-15 16:55:48,26.75,95.1,58.91,90,2,3.29
419,Newala,TZ,2021-11-15 16:55:49,-10.9431,39.2787,74.34,56,45,12.46
420,Khani,GE,2021-11-15 16:55:49,41.9563,42.9566,47.77,96,99,2.95
421,Boffa,GN,2021-11-15 16:55:50,10.1667,-14.0333,87.51,55,65,4.63
422,Les Cayes,HT,2021-11-15 16:55:50,18.2,-73.75,87.1,59,28,8.86
423,Hopelchen,MX,2021-11-15 16:55:51,19.7667,-89.85,83.75,47,29,3.85
424,Dulce Nombre De Culmi,HN,2021-11-15 16:55:52,15.1,-85.5333,82.63,50,72,4.56
425,Santarem,BR,2021-11-15 16:54:36,-2.4431,-54.7083,84.33,79,75,5.75
426,Qaqortoq,GL,2021-11-15 16:55:54,60.7167,-46.0333,13.84,55,0,23.6
427,Vysokogornyy,RU,2021-11-15 16:55:54,50.1167,139.15,8.69,96,91,4.5
428,Tarakan,ID,2021-11-15 16:55:55,3.3,117.6333,78.49,82,100,6.26
429,Rodrigues Alves,BR,2021-11-15 16:55:56,-7.738,-72.6509,89.8,71,94,1.3
430,San Felipe,VE,2021-11-15 16:55:57,10.3399,-68.7425,89.73,44,42,6.93
431,Kahului,US,2021-11-15 16:51:14,20.8947,-156.47,78.84,86,1,10.36
432,Taraz,KZ,2021-11-15 16:53:42,42.9,71.3667,34.21,80,90,2.24
433,Santa Maria Del Oro,MX,2021-11-15 16:55:59,25.9333,-105.3667,67.53,23,0,2.64
434,Kaniama,CD,2021-11-15 16:56:00,-7.5667,24.1833,71.49,83,91,2.44
435,Antofagasta,CL,2021-11-15 16:54:22,-23.65,-70.4,63.68,66,12,11.07
436,Ganzhou,CN,2021-11-15 16:56:01,28.8184,115.4327,61.9,46,100,2.55
437,Krutinka,RU,2021-11-15 16:56:02,56.0055,71.5113,9.81,92,29,9.13
438,Kropotkin,RU,2021-11-15 16:56:02,45.4375,40.5756,40.08,64,3,12.01
439,Castro,BR,2021-11-15 16:55:36,-24.7911,-50.0119,78.13,48,98,0.69
440,Urusha,RU,2021-11-15 16:56:04,54.05,122.9,13.55,81,10,1.12
441,Aykhal,RU,2021-11-15 16:56:04,66.0,111.5,-1.62,100,100,3.94
442,General Elizardo Aquino,PY,2021-11-15 16:56:05,-24.4333,-56.7,83.43,58,99,3.69
443,Xam Nua,LA,2021-11-15 16:56:06,20.4197,104.0439,59.9,98,100,2.19
444,Laredo,US,2021-11-15 16:54:50,27.5064,-99.5075,68.29,94,90,8.05
445,Malim,PH,2021-11-15 16:56:07,7.452,123.4312,78.55,85,100,2.86
446,Lithakia,GR,2021-11-15 16:56:07,37.7167,20.8333,64.58,74,98,5.12
447,Broome,US,2021-11-15 16:56:08,42.2506,-75.833,42.01,76,100,5.01
448,Vostok,RU,2021-11-15 16:56:09,46.4856,135.8833,8.89,92,30,5.17
449,Asbe Teferi,ET,2021-11-15 16:56:09,9.0833,40.8667,65.8,47,67,2.86
450,Mocuba,MZ,2021-11-15 16:56:10,-16.8392,36.9856,81.09,67,83,9.35
451,Hofn,IS,2021-11-15 16:56:11,64.2539,-15.2082,42.82,93,75,23.02
452,Taksimo,RU,2021-11-15 16:56:12,56.3444,114.8794,7.43,90,83,1.41
453,Kemijarvi,FI,2021-11-15 16:56:12,66.7131,27.4306,34.2,91,100,12.73
454,Jinchang,CN,2021-11-15 16:56:13,38.4953,102.1739,37.85,30,30,3.96
455,Wildomar,US,2021-11-15 16:51:36,33.5989,-117.28,84.06,18,1,1.99
456,Zachary,US,2021-11-15 16:56:14,30.6485,-91.1565,71.78,59,1,4.94
457,Idritsa,RU,2021-11-15 16:56:15,56.3316,28.8988,29.84,77,48,4.43
458,Batagay,RU,2021-11-15 16:56:15,67.6333,134.6333,-12.44,94,100,1.88
459,Toledo,ES,2021-11-15 16:54:52,39.8333,-4.0,60.12,53,3,1.3
460,Helena,US,2021-11-15 16:54:25,46.5927,-112.0361,62.17,34,99,1.99
461,Rawah,IQ,2021-11-15 16:56:17,34.4816,41.9093,67.17,25,100,6.4
462,Marquette,US,2021-11-15 16:56:18,46.5333,-87.6335,33.24,91,46,8.34
463,Newport,GB,2021-11-15 16:52:31,51.5877,-2.9984,53.85,89,100,1.52
464,Pimentel,PE,2021-11-15 16:57:19,-6.8367,-79.9342,71.89,64,0,13.8
465,Miri,MY,2021-11-15 16:57:19,4.4148,114.0089,75.34,100,20,0.0
466,Vesyegonsk,RU,2021-11-15 16:57:20,58.664,37.2604,29.08,76,78,7.11
467,Nanortalik,GL,2021-11-15 16:57:21,60.1432,-45.2371,23.31,57,0,45.83
468,Mildura,AU,2021-11-15 16:57:21,-34.2,142.15,49.96,62,75,5.75
469,Zhigansk,RU,2021-11-15 16:57:22,66.7697,123.3711,-25.76,100,88,4.03
470,Carora,VE,2021-11-15 16:57:23,10.1755,-70.0827,92.68,32,37,7.81
471,Lagarto,BR,2021-11-15 16:57:23,-10.9172,-37.65,82.69,67,89,10.16
472,Port Elizabeth,ZA,2021-11-15 16:57:24,-33.918,25.5701,70.09,78,0,27.63
473,Yuncheng,CN,2021-11-15 16:57:25,35.0231,110.9928,47.19,47,33,3.4
474,Turukhansk,RU,2021-11-15 16:57:26,65.8167,87.9833,-7.11,99,99,6.71
475,Buala,SB,2021-11-15 16:57:27,-8.145,159.5921,80.83,79,99,5.91
476,Bari,IT,2021-11-15 16:57:28,41.1177,16.8512,63.84,94,75,4.0
477,Palu,ID,2021-11-15 16:57:28,-0.8917,119.8707,75.83,95,100,3.13
478,Tukrah,LY,2021-11-15 16:57:29,32.5341,20.5791,69.94,79,0,12.84
479,Blagoyevo,RU,2021-11-15 16:57:30,63.3667,47.9167,23.72,82,100,9.82
480,Irece,BR,2021-11-15 16:57:30,-11.3042,-41.8558,80.71,52,100,8.23
481,Uhlove,UA,2021-11-15 16:57:31,44.8215,33.6045,44.56,65,99,17.92
482,Matay,EG,2021-11-15 16:57:32,28.419,30.7792,72.93,39,15,6.91
483,Cap-Aux-Meules,CA,2021-11-15 16:57:32,47.3821,-61.8597,46.45,76,75,12.66
484,Ust-Kuyga,RU,2021-11-15 16:57:33,70.0167,135.6,-9.76,98,100,2.59
485,Muncar,ID,2021-11-15 16:57:34,-8.4333,114.3333,74.75,94,100,4.23
486,Karla,EE,2021-11-15 16:57:34,59.3723,24.9275,30.06,88,90,11.5
487,Wanning,CN,2021-11-15 16:57:35,18.8003,110.3967,73.62,83,99,6.17
488,Sept-Iles,CA,2021-11-15 16:55:50,50.2001,-66.3821,37.06,97,90,5.01
489,Oriximina,BR,2021-11-15 16:57:36,-1.7656,-55.8661,92.14,48,94,3.13
490,Angoche,MZ,2021-11-15 16:57:37,-16.2325,39.9086,79.18,82,39,7.2
491,San Quintin,MX,2021-11-15 16:57:38,30.4833,-115.95,76.05,34,0,3.36
492,Garowe,SO,2021-11-15 16:57:39,8.4054,48.4845,74.95,64,88,16.04
493,Bathsheba,BB,2021-11-15 16:57:39,13.2167,-59.5167,88.41,62,40,25.32
494,Kohlu,PK,2021-11-15 16:57:40,29.8962,69.252,55.24,17,1,3.36
495,Savannah Bight,HN,2021-11-15 16:57:41,16.45,-85.85,80.65,75,71,9.6
496,Jacareacanga,BR,2021-11-15 16:57:42,-6.2222,-57.7528,94.06,45,100,3.09
497,Umm Kaddadah,SD,2021-11-15 16:57:43,13.6017,26.6876,83.34,14,4,9.28
498,Quatre Cocos,MU,2021-11-15 16:57:05,-20.2078,57.7625,76.08,68,17,8.68
499,Severo-Kurilsk,RU,2021-11-15 16:57:44,50.6789,156.125,35.98,62,53,20.56
500,Aklavik,CA,2021-11-15 16:57:45,68.2191,-135.0107,8.6,92,90,4.61
501,Dongsheng,CN,2021-11-15 16:57:45,39.8161,109.9776,30.38,43,0,4.54
502,Hirara,JP,2021-11-15 16:57:46,24.8,125.2833,73.83,59,43,16.87
503,Bilma,NE,2021-11-15 16:57:46,18.6853,12.9164,83.41,14,97,2.84
504,Talnakh,RU,2021-11-15 16:57:47,69.4865,88.3972,0.3,97,100,10.85
505,Diffa,NE,2021-11-15 16:57:48,13.3154,12.6113,86.68,12,55,8.63
506,Miraflores,MX,2021-11-15 16:57:48,19.2167,-98.8083,59.41,33,0,3.13
507,Simi Valley,US,2021-11-15 16:57:49,34.2695,-118.7815,83.35,33,4,1.16
508,Kabalo,CD,2021-11-15 16:58:50,-6.05,26.9167,78.06,66,84,4.76
509,Kushima,JP,2021-11-15 16:58:50,31.4583,131.2333,55.08,78,5,4.5
510,Namibe,AO,2021-11-15 16:58:51,-15.1961,12.1522,73.49,84,94,11.56
511,Yokadouma,CM,2021-11-15 16:58:52,3.5167,15.05,72.55,92,96,3.6
512,Danville,US,2021-11-15 16:55:48,36.586,-79.395,51.3,44,11,8.99
513,Scarborough,GB,2021-11-15 16:56:09,54.2797,-0.4044,53.51,89,99,5.01
514,Eidsvoll,NO,2021-11-15 16:58:54,60.3305,11.2616,42.89,95,75,5.99
515,Nicoya,CR,2021-11-15 16:58:54,10.1483,-85.452,85.55,65,13,8.88
516,Kulhudhuffushi,MV,2021-11-15 16:58:55,6.6221,73.07,81.03,80,95,17.27
517,Chara,RU,2021-11-15 16:58:56,56.9064,118.2631,7.38,80,62,0.87
518,Mugur-Aksy,RU,2021-11-15 16:58:56,50.35,90.5,10.38,60,67,15.66
519,Kalemie,CD,2021-11-15 16:58:02,-5.9475,29.1947,75.74,71,27,5.5
520,Wana,PK,2021-11-15 16:58:57,32.2989,69.5725,53.22,22,1,1.83
521,Vieques,PR,2021-11-15 16:58:58,18.425,-65.8329,88.66,70,13,14.0
522,Marfino,RU,2021-11-15 16:58:58,55.7028,37.3822,30.45,69,75,8.95
523,Acari,PE,2021-11-15 16:58:59,-15.4311,-74.6158,77.23,49,92,11.25
524,Panama City,PA,2021-11-15 16:58:19,8.9936,-79.5197,90.37,65,47,1.48
525,Muyezerskiy,RU,2021-11-15 16:59:00,63.9333,31.65,33.24,87,100,19.22
526,San Francisco,US,2021-11-15 16:56:08,37.7749,-122.4194,61.97,88,100,1.01
527,Bandarbeyla,SO,2021-11-15 16:59:01,9.4942,50.8122,78.78,67,100,11.83
528,Pecos,US,2021-11-15 16:59:02,31.4229,-103.4932,76.3,23,1,0.0
529,Shelburne,CA,2021-11-15 16:55:50,44.0787,-80.2041,35.67,83,60,13.27
530,Maniitsoq,GL,2021-11-15 16:59:03,65.4167,-52.9,14.07,77,96,6.67
531,Melita,CA,2021-11-15 16:59:04,49.2681,-100.9967,32.54,97,100,5.46
532,Broken Hill,AU,2021-11-15 16:57:52,-31.95,141.4333,55.11,67,2,12.66
533,Kangaatsiaq,GL,2021-11-15 16:59:05,68.3065,-53.4641,16.41,77,90,8.66
534,Ibra,OM,2021-11-15 16:58:13,22.6906,58.5334,71.56,47,2,1.14
535,Vieux Fort,LC,2021-11-15 16:59:06,13.7167,-60.95,87.12,66,75,23.02
536,Salinopolis,BR,2021-11-15 16:59:07,-0.6136,-47.3561,84.97,67,19,11.3
537,Adrar,MR,2021-11-15 16:59:08,20.5022,-10.0711,85.73,22,45,7.83
538,Ransang,PH,2021-11-15 16:59:08,8.9603,117.5828,78.78,85,64,2.44
539,Corum,TR,2021-11-15 16:59:09,40.5,34.75,44.2,46,100,4.47
540,West Chester,US,2021-11-15 16:55:35,39.9607,-75.6055,47.17,65,90,5.99
541,Sosnovka,RU,2021-11-15 16:59:10,56.255,51.2842,16.95,98,65,3.44
542,Requena,ES,2021-11-15 16:59:11,39.4883,-1.1004,54.18,55,3,5.99
543,Pandan,PH,2021-11-15 16:59:12,14.0453,124.1694,80.06,88,99,14.07
544,Podgornoye,RU,2021-11-15 16:59:12,51.735,39.1496,32.22,69,75,8.95
545,Sovetskiy,RU,2021-11-15 16:59:13,61.3614,63.5842,15.48,88,55,9.57
546,Odweyne,SO,2021-11-15 16:59:14,9.4092,45.064,74.5,37,30,6.58
547,San Roque,ES,2021-11-15 16:59:14,36.2107,-5.3842,70.61,52,20,9.22
548,Batticaloa,LK,2021-11-15 16:58:13,7.7102,81.6924,80.13,81,87,5.46
549,Bucksport,US,2021-11-15 16:59:15,44.5737,-68.7956,45.68,84,100,8.99
550,Redlands,US,2021-11-15 16:59:13,34.0556,-117.1825,84.04,23,2,2.64
551,Sunnyside,US,2021-11-15 16:54:25,46.3237,-120.0087,60.01,60,1,8.05
552,Lasa,IT,2021-11-15 16:59:17,46.6166,10.7002,47.03,91,96,2.04
553,Kasongo-Lunda,CD,2021-11-15 16:59:18,-6.4667,16.8167,74.08,92,34,1.63
554,Cap Malheureux,MU,2021-11-15 17:00:18,-19.9842,57.6142,76.46,73,5,3.0
555,Tombouctou,ML,2021-11-15 17:00:19,20.0,-3.0,85.75,19,100,8.61
556,Poplar Bluff,US,2021-11-15 17:00:20,36.757,-90.3929,55.13,48,71,8.99
557,Leticia,CO,2021-11-15 16:59:19,-4.2153,-69.9406,84.25,79,75,10.36
558,San Ignacio,BZ,2021-11-15 17:00:21,17.1561,-89.0714,70.83,99,100,3.78
559,Dicabisagan,PH,2021-11-15 17:00:22,17.0818,122.4157,77.79,91,87,7.61
